mutant,resident,fixation_probability
TFT,ALLD,0.7434451077458217
WSLS,ALLD,0.7434451077458217
GTFT,ALLD,0.7434451077458217
Grim,ALLD,0.7434451077458217
